ParameterName,Writeable
InternetGatewayDevice.,0
InternetGatewayDevice.DeviceInfo.Manufacturer,0
InternetGatewayDevice.DeviceInfo.ManufacturerOUI,0
InternetGatewayDevice.DeviceInfo.ModelName,0
InternetGatewayDevice.DeviceInfo.Description,0
InternetGatewayDevice.DeviceInfo.ProductClass,0
InternetGatewayDevice.DeviceInfo.SerialNumber,0
InternetGatewayDevice.DeviceInfo.HardwareVersion,0
InternetGatewayDevice.DeviceInfo.SoftwareVersion,0
InternetGatewayDevice.DeviceInfo.SpecVersion,0
InternetGatewayDevice.DeviceInfo.ProvisioningCode,1
InternetGatewayDevice.DeviceInfo.UpTime,0
InternetGatewayDevice.DeviceInfo.FirstUseDate,0
InternetGatewayDevice.DeviceInfo.,0
InternetGatewayDevice.IPPingDiagnostics.DiagnosticsState,1
InternetGatewayDevice.IPPingDiagnostics.Interface,1
InternetGatewayDevice.IPPingDiagnostics.Host,1
InternetGatewayDevice.IPPingDiagnostics.NumberOfRepetitions,1
InternetGatewayDevice.IPPingDiagnostics.Timeout,1
InternetGatewayDevice.IPPingDiagnostics.DataBlockSize,1
InternetGatewayDevice.IPPingDiagnostics.DSCP,1
InternetGatewayDevice.IPPingDiagnostics.SuccessCount,0
InternetGatewayDevice.IPPingDiagnostics.FailureCount,0
InternetGatewayDevice.IPPingDiagnostics.AverageResponseTime,0
InternetGatewayDevice.IPPingDiagnostics.MaximumResponseTime,0
InternetGatewayDevice.IPPingDiagnostics.MinimumResponseTime,0
InternetGatewayDevice.IPPingDiagnostics.,0
InternetGatewayDevice.LANDevice.1.LANHostConfigManagement.IPInterface.1.IPInterfaceIPAddress,1
InternetGatewayDevice.LANDevice.1.LANHostConfigManagement.IPInterface.1.IPInterfaceSubnetMask,1
InternetGatewayDevice.LANDevice.1.LANHostConfigManagement.IPInterface.1.,1
InternetGatewayDevice.LANDevice.1.LANHostConfigManagement.IPInterface.,1
InternetGatewayDevice.LANDevice.1.LANHostConfigManagement.DHCPServerEnable,1
InternetGatewayDevice.LANDevice.1.LANHostConfigManagement.MinAddress,1
InternetGatewayDevice.LANDevice.1.LANHostConfigManagement.MaxAddress,1
InternetGatewayDevice.LANDevice.1.LANHostConfigManagement.DNSServers,1
InternetGatewayDevice.LANDevice.1.LANHostConfigManagement.,0
InternetGatewayDevice.LANDevice.1.LANEthernetInterfaceConfig.1.Status,0
InternetGatewayDevice.LANDevice.1.LANEthernetInterfaceConfig.1.MACAddress,0
InternetGatewayDevice.LANDevice.1.LANEthernetInterfaceConfig.1.,0
InternetGatewayDevice.LANDevice.1.LANEthernetInterfaceConfig.,0
InternetGatewayDevice.LANDevice.1.WLANConfiguration.2.PreSharedKey.2.PreSharedKey,1
InternetGatewayDevice.LANDevice.1.WLANConfiguration.2.PreSharedKey.2.KeyPassphrase,1
InternetGatewayDevice.LANDevice.1.WLANConfiguration.2.PreSharedKey.2.,0
InternetGatewayDevice.LANDevice.1.WLANConfiguration.2.PreSharedKey.,0
InternetGatewayDevice.LANDevice.1.WLANConfiguration.2.WEPKey.8.WEPKey,1
InternetGatewayDevice.LANDevice.1.WLANConfiguration.2.WEPKey.8.,0
InternetGatewayDevice.LANDevice.1.WLANConfiguration.2.WEPKey.7.WEPKey,1
InternetGatewayDevice.LANDevice.1.WLANConfiguration.2.WEPKey.7.,0
InternetGatewayDevice.LANDevice.1.WLANConfiguration.2.WEPKey.6.WEPKey,1
InternetGatewayDevice.LANDevice.1.WLANConfiguration.2.WEPKey.6.,0
InternetGatewayDevice.LANDevice.1.WLANConfiguration.2.WEPKey.5.WEPKey,1
InternetGatewayDevice.LANDevice.1.WLANConfiguration.2.WEPKey.5.,0
InternetGatewayDevice.LANDevice.1.WLANConfiguration.2.WEPKey.,0
InternetGatewayDevice.LANDevice.1.WLANConfiguration.2.Enable,1
InternetGatewayDevice.LANDevice.1.WLANConfiguration.2.Status,0
InternetGatewayDevice.LANDevice.1.WLANConfiguration.2.BSSID,0
InternetGatewayDevice.LANDevice.1.WLANConfiguration.2.Channel,1
InternetGatewayDevice.LANDevice.1.WLANConfiguration.2.SSID,1
InternetGatewayDevice.LANDevice.1.WLANConfiguration.2.BeaconType,1
InternetGatewayDevice.LANDevice.1.WLANConfiguration.2.Standard,0
InternetGatewayDevice.LANDevice.1.WLANConfiguration.2.WEPEncryptionLevel,0
InternetGatewayDevice.LANDevice.1.WLANConfiguration.2.WEPKeyIndex,1
InternetGatewayDevice.LANDevice.1.WLANConfiguration.2.BasicEncryptionModes,0
InternetGatewayDevice.LANDevice.1.WLANConfiguration.2.WPAEncryptionModes,1
InternetGatewayDevice.LANDevice.1.WLANConfiguration.2.WPAAuthenticationMode,1
InternetGatewayDevice.LANDevice.1.WLANConfiguration.2.PossibleChannels,0
InternetGatewayDevice.LANDevice.1.WLANConfiguration.2.TotalBytesSent,0
InternetGatewayDevice.LANDevice.1.WLANConfiguration.2.TotalBytesReceived,0
InternetGatewayDevice.LANDevice.1.WLANConfiguration.2.IEEE11iEncryptionModes,1
InternetGatewayDevice.LANDevice.1.WLANConfiguration.2.IEEE11iAuthenticationMode,0
InternetGatewayDevice.LANDevice.1.WLANConfiguration.2.KeyPassphrase,1
InternetGatewayDevice.LANDevice.1.WLANConfiguration.2.AutoChannelEnable,1
InternetGatewayDevice.LANDevice.1.WLANConfiguration.2.SSIDAdvertisementEnabled,1
InternetGatewayDevice.LANDevice.1.WLANConfiguration.2.TransmitPowerSupported,0
InternetGatewayDevice.LANDevice.1.WLANConfiguration.2.TransmitPower,1
InternetGatewayDevice.LANDevice.1.WLANConfiguration.2.X_MACAddressControl,1
InternetGatewayDevice.LANDevice.1.WLANConfiguration.2.X_RTSThreshold,1
InternetGatewayDevice.LANDevice.1.WLANConfiguration.2.X_CTSProtectMode,1
InternetGatewayDevice.LANDevice.1.WLANConfiguration.2.X_PreambleLength,1
InternetGatewayDevice.LANDevice.1.WLANConfiguration.2.X_Authentication,1
InternetGatewayDevice.LANDevice.1.WLANConfiguration.2.X_Encryption,1
InternetGatewayDevice.LANDevice.1.WLANConfiguration.2.X_RekeyInterval,1
InternetGatewayDevice.LANDevice.1.WLANConfiguration.2.X_RADIUSServer,1
InternetGatewayDevice.LANDevice.1.WLANConfiguration.2.X_RADIUSPort,1
InternetGatewayDevice.LANDevice.1.WLANConfiguration.2.X_RADIUSKey,1
InternetGatewayDevice.LANDevice.1.WLANConfiguration.2.,0
InternetGatewayDevice.LANDevice.1.WLANConfiguration.1.PreSharedKey.1.PreSharedKey,1
InternetGatewayDevice.LANDevice.1.WLANConfiguration.1.PreSharedKey.1.KeyPassphrase,1
InternetGatewayDevice.LANDevice.1.WLANConfiguration.1.PreSharedKey.1.,0
InternetGatewayDevice.LANDevice.1.WLANConfiguration.1.PreSharedKey.,0
InternetGatewayDevice.LANDevice.1.WLANConfiguration.1.WEPKey.4.WEPKey,1
InternetGatewayDevice.LANDevice.1.WLANConfiguration.1.WEPKey.4.,0
InternetGatewayDevice.LANDevice.1.WLANConfiguration.1.WEPKey.3.WEPKey,1
InternetGatewayDevice.LANDevice.1.WLANConfiguration.1.WEPKey.3.,0
InternetGatewayDevice.LANDevice.1.WLANConfiguration.1.WEPKey.2.WEPKey,1
InternetGatewayDevice.LANDevice.1.WLANConfiguration.1.WEPKey.2.,0
InternetGatewayDevice.LANDevice.1.WLANConfiguration.1.WEPKey.1.WEPKey,1
InternetGatewayDevice.LANDevice.1.WLANConfiguration.1.WEPKey.1.,0
InternetGatewayDevice.LANDevice.1.WLANConfiguration.1.WEPKey.,0
InternetGatewayDevice.LANDevice.1.WLANConfiguration.1.Enable,1
InternetGatewayDevice.LANDevice.1.WLANConfiguration.1.Status,0
InternetGatewayDevice.LANDevice.1.WLANConfiguration.1.BSSID,0
InternetGatewayDevice.LANDevice.1.WLANConfiguration.1.Channel,1
InternetGatewayDevice.LANDevice.1.WLANConfiguration.1.SSID,1
InternetGatewayDevice.LANDevice.1.WLANConfiguration.1.BeaconType,1
InternetGatewayDevice.LANDevice.1.WLANConfiguration.1.Standard,0
InternetGatewayDevice.LANDevice.1.WLANConfiguration.1.WEPEncryptionLevel,0
InternetGatewayDevice.LANDevice.1.WLANConfiguration.1.WEPKeyIndex,1
InternetGatewayDevice.LANDevice.1.WLANConfiguration.1.BasicEncryptionModes,0
InternetGatewayDevice.LANDevice.1.WLANConfiguration.1.WPAEncryptionModes,1
InternetGatewayDevice.LANDevice.1.WLANConfiguration.1.WPAAuthenticationMode,1
InternetGatewayDevice.LANDevice.1.WLANConfiguration.1.PossibleChannels,0
InternetGatewayDevice.LANDevice.1.WLANConfiguration.1.TotalBytesSent,0
InternetGatewayDevice.LANDevice.1.WLANConfiguration.1.TotalBytesReceived,0
InternetGatewayDevice.LANDevice.1.WLANConfiguration.1.IEEE11iEncryptionModes,1
InternetGatewayDevice.LANDevice.1.WLANConfiguration.1.IEEE11iAuthenticationMode,0
InternetGatewayDevice.LANDevice.1.WLANConfiguration.1.KeyPassphrase,1
InternetGatewayDevice.LANDevice.1.WLANConfiguration.1.AutoChannelEnable,1
InternetGatewayDevice.LANDevice.1.WLANConfiguration.1.SSIDAdvertisementEnabled,1
InternetGatewayDevice.LANDevice.1.WLANConfiguration.1.TransmitPowerSupported,0
InternetGatewayDevice.LANDevice.1.WLANConfiguration.1.TransmitPower,1
InternetGatewayDevice.LANDevice.1.WLANConfiguration.1.X_MACAddressControl,1
InternetGatewayDevice.LANDevice.1.WLANConfiguration.1.X_RTSThreshold,1
InternetGatewayDevice.LANDevice.1.WLANConfiguration.1.X_CTSProtectMode,1
InternetGatewayDevice.LANDevice.1.WLANConfiguration.1.X_PreambleLength,1
InternetGatewayDevice.LANDevice.1.WLANConfiguration.1.X_Authentication,1
InternetGatewayDevice.LANDevice.1.WLANConfiguration.1.X_Encryption,1
InternetGatewayDevice.LANDevice.1.WLANConfiguration.1.X_RekeyInterval,1
InternetGatewayDevice.LANDevice.1.WLANConfiguration.1.X_RADIUSServer,1
InternetGatewayDevice.LANDevice.1.WLANConfiguration.1.X_RADIUSPort,1
InternetGatewayDevice.LANDevice.1.WLANConfiguration.1.X_RADIUSKey,1
InternetGatewayDevice.LANDevice.1.WLANConfiguration.1.,0
InternetGatewayDevice.LANDevice.1.WLANConfiguration.,0
InternetGatewayDevice.LANDevice.1.LANEthernetInterfaceNumberOfEntries,0
InternetGatewayDevice.LANDevice.1.,0
InternetGatewayDevice.LANDevice.,0
InternetGatewayDevice.ManagementServer.ManageableDevice.,0
InternetGatewayDevice.ManagementServer.URL,1
InternetGatewayDevice.ManagementServer.Username,1
InternetGatewayDevice.ManagementServer.PeriodicInformEnable,1
InternetGatewayDevice.ManagementServer.PeriodicInformInterval,1
InternetGatewayDevice.ManagementServer.PeriodicInformTime,1
InternetGatewayDevice.ManagementServer.ParameterKey,0
InternetGatewayDevice.ManagementServer.ConnectionRequestURL,0
InternetGatewayDevice.ManagementServer.ConnectionRequestUsername,1
InternetGatewayDevice.ManagementServer.Password,1
InternetGatewayDevice.ManagementServer.ConnectionRequestPassword,1
InternetGatewayDevice.ManagementServer.,0
InternetGatewayDevice.Time.NTPServer1,0
InternetGatewayDevice.Time.NTPServer2,0
InternetGatewayDevice.Time.LocalTimeZoneName,1
InternetGatewayDevice.Time.DaylightSavingsUsed,1
InternetGatewayDevice.Time.,0
InternetGatewayDevice.TraceRouteDiagnostics.RouteHops.HopHost,0
InternetGatewayDevice.TraceRouteDiagnostics.RouteHops.,0
InternetGatewayDevice.TraceRouteDiagnostics.DiagnosticsState,1
InternetGatewayDevice.TraceRouteDiagnostics.Interface,1
InternetGatewayDevice.TraceRouteDiagnostics.Host,1
InternetGatewayDevice.TraceRouteDiagnostics.Timeout,1
InternetGatewayDevice.TraceRouteDiagnostics.DataBlockSize,1
InternetGatewayDevice.TraceRouteDiagnostics.DSCP,1
InternetGatewayDevice.TraceRouteDiagnostics.MaxHopCount,1
InternetGatewayDevice.TraceRouteDiagnostics.ResponseTime,0
InternetGatewayDevice.TraceRouteDiagnostics.,0
InternetGatewayDevice.WANDevice.1.WANCommonInterfaceConfig.WANAccessType,0
InternetGatewayDevice.WANDevice.1.WANCommonInterfaceConfig.,0
InternetGatewayDevice.WANDevice.1.WANConnectionDevice.1.WANIPConnection.1.AddressingType,0
InternetGatewayDevice.WANDevice.1.WANConnectionDevice.1.WANIPConnection.1.ExternalIPAddress,0
InternetGatewayDevice.WANDevice.1.WANConnectionDevice.1.WANIPConnection.1.SubnetMask,0
InternetGatewayDevice.WANDevice.1.WANConnectionDevice.1.WANIPConnection.1.DefaultGateway,0
InternetGatewayDevice.WANDevice.1.WANConnectionDevice.1.WANIPConnection.1.DNSServers,0
InternetGatewayDevice.WANDevice.1.WANConnectionDevice.1.WANIPConnection.1.MACAddress,0
InternetGatewayDevice.WANDevice.1.WANConnectionDevice.1.WANIPConnection.1.PortMappingNumberOfEntries,0
InternetGatewayDevice.WANDevice.1.WANConnectionDevice.1.WANIPConnection.1.,1
InternetGatewayDevice.WANDevice.1.WANConnectionDevice.1.WANIPConnection.,1
InternetGatewayDevice.WANDevice.1.WANConnectionDevice.1.,1
InternetGatewayDevice.WANDevice.1.WANConnectionDevice.,1
InternetGatewayDevice.WANDevice.1.WANConnectionNumberOfEntries,0
InternetGatewayDevice.WANDevice.1.,0
InternetGatewayDevice.WANDevice.,0
InternetGatewayDevice.Firewall.Config,1
InternetGatewayDevice.Firewall.,0
InternetGatewayDevice.UserInterface.PasswordRequired,1
InternetGatewayDevice.UserInterface.ISPName,1
InternetGatewayDevice.UserInterface.ISPHomePage,1
InternetGatewayDevice.UserInterface.AvailableLanguages,0
InternetGatewayDevice.UserInterface.CurrentLanguage,1
InternetGatewayDevice.UserInterface.X_WanLogin,1
InternetGatewayDevice.UserInterface.X_WebLoginPassword,1
InternetGatewayDevice.UserInterface.X_WanLoginPort,1
InternetGatewayDevice.UserInterface.,0
InternetGatewayDevice.WEB_GUI.Status.LTE_Status.LTE_System.State,0
InternetGatewayDevice.WEB_GUI.Status.LTE_Status.LTE_System.ConnectTime,0
InternetGatewayDevice.WEB_GUI.Status.LTE_Status.LTE_System.DL_Frequency,0
InternetGatewayDevice.WEB_GUI.Status.LTE_Status.LTE_System.UL_Frequency,0
InternetGatewayDevice.WEB_GUI.Status.LTE_Status.LTE_System.Bandwidth,0
InternetGatewayDevice.WEB_GUI.Status.LTE_Status.LTE_System.RSRP0,0
InternetGatewayDevice.WEB_GUI.Status.LTE_Status.LTE_System.RSRP1,0
InternetGatewayDevice.WEB_GUI.Status.LTE_Status.LTE_System.RSRQ,0
InternetGatewayDevice.WEB_GUI.Status.LTE_Status.LTE_System.CINR0,0
InternetGatewayDevice.WEB_GUI.Status.LTE_Status.LTE_System.CINR1,0
InternetGatewayDevice.WEB_GUI.Status.LTE_Status.LTE_System.TXPower,0
InternetGatewayDevice.WEB_GUI.Status.LTE_Status.LTE_System.CellID,0
InternetGatewayDevice.WEB_GUI.Status.LTE_Status.LTE_System.PCI,0
InternetGatewayDevice.WEB_GUI.Status.LTE_Status.LTE_System.,0
InternetGatewayDevice.WEB_GUI.Status.LTE_Status.LTE_TX.DataRate,0
InternetGatewayDevice.WEB_GUI.Status.LTE_Status.LTE_TX.TxBytes,0
InternetGatewayDevice.WEB_GUI.Status.LTE_Status.LTE_TX.Packets,0
InternetGatewayDevice.WEB_GUI.Status.LTE_Status.LTE_TX.,0
InternetGatewayDevice.WEB_GUI.Status.LTE_Status.LTE_RX.DataRate,0
InternetGatewayDevice.WEB_GUI.Status.LTE_Status.LTE_RX.RxBytes,0
InternetGatewayDevice.WEB_GUI.Status.LTE_Status.LTE_RX.Packets,0
InternetGatewayDevice.WEB_GUI.Status.LTE_Status.LTE_RX.,0
InternetGatewayDevice.WEB_GUI.Status.LTE_Status.PDN.LTE_PDN_Status,0
InternetGatewayDevice.WEB_GUI.Status.LTE_Status.PDN.,0
InternetGatewayDevice.WEB_GUI.Status.LTE_Status.,0
InternetGatewayDevice.WEB_GUI.Status.Network_Status.LAN_Information.Type,0
InternetGatewayDevice.WEB_GUI.Status.Network_Status.LAN_Information.LAN_MAC,0
InternetGatewayDevice.WEB_GUI.Status.Network_Status.LAN_Information.LAN_IP_Address,0
InternetGatewayDevice.WEB_GUI.Status.Network_Status.LAN_Information.LAN_Subnet_Mask,0
InternetGatewayDevice.WEB_GUI.Status.Network_Status.LAN_Information.TX_Bytes,0
InternetGatewayDevice.WEB_GUI.Status.Network_Status.LAN_Information.RX_Bytes,0
InternetGatewayDevice.WEB_GUI.Status.Network_Status.LAN_Information.TX_Packets,0
InternetGatewayDevice.WEB_GUI.Status.Network_Status.LAN_Information.RX_Packets,0
InternetGatewayDevice.WEB_GUI.Status.Network_Status.LAN_Information.,0
InternetGatewayDevice.WEB_GUI.Status.Network_Status.WAN_Information.Type,0
InternetGatewayDevice.WEB_GUI.Status.Network_Status.WAN_Information.WAN_MAC,0
InternetGatewayDevice.WEB_GUI.Status.Network_Status.WAN_Information.WAN_IP_Address,0
InternetGatewayDevice.WEB_GUI.Status.Network_Status.WAN_Information.WAN_Subnet_Mask,0
InternetGatewayDevice.WEB_GUI.Status.Network_Status.WAN_Information.WAN_Default_Gateway,0
InternetGatewayDevice.WEB_GUI.Status.Network_Status.WAN_Information.WAN_IP_Connection,0
InternetGatewayDevice.WEB_GUI.Status.Network_Status.WAN_Information.WAN_Lease_Obtained,0
InternetGatewayDevice.WEB_GUI.Status.Network_Status.WAN_Information.WAN_Lease_Expires,0
InternetGatewayDevice.WEB_GUI.Status.Network_Status.WAN_Information.DNS_Server,0
InternetGatewayDevice.WEB_GUI.Status.Network_Status.WAN_Information.Time_Server,0
InternetGatewayDevice.WEB_GUI.Status.Network_Status.WAN_Information.TX_Bytes,0
InternetGatewayDevice.WEB_GUI.Status.Network_Status.WAN_Information.RX_Bytes,0
InternetGatewayDevice.WEB_GUI.Status.Network_Status.WAN_Information.TX_Packets,0
InternetGatewayDevice.WEB_GUI.Status.Network_Status.WAN_Information.RX_Packets,0
InternetGatewayDevice.WEB_GUI.Status.Network_Status.WAN_Information.,0
InternetGatewayDevice.WEB_GUI.Status.Network_Status.Lease_Status_Table.Lease_Status_Table,0
InternetGatewayDevice.WEB_GUI.Status.Network_Status.Lease_Status_Table.,0
InternetGatewayDevice.WEB_GUI.Status.Network_Status.,0
InternetGatewayDevice.WEB_GUI.Status.Device_Status.Device_Status.Service_Provider,0
InternetGatewayDevice.WEB_GUI.Status.Device_Status.Device_Status.Product_Name,0
InternetGatewayDevice.WEB_GUI.Status.Device_Status.Device_Status.Model_ID,0
InternetGatewayDevice.WEB_GUI.Status.Device_Status.Device_Status.Hardware_Version,0
InternetGatewayDevice.WEB_GUI.Status.Device_Status.Device_Status.Serial_ID,0
InternetGatewayDevice.WEB_GUI.Status.Device_Status.Device_Status.Firmware_Version,0
InternetGatewayDevice.WEB_GUI.Status.Device_Status.Device_Status.Firmware_Creation_Date,0
InternetGatewayDevice.WEB_GUI.Status.Device_Status.Device_Status.Bootrom_Version,0
InternetGatewayDevice.WEB_GUI.Status.Device_Status.Device_Status.Bootrom_Creation_Date,0
InternetGatewayDevice.WEB_GUI.Status.Device_Status.Device_Status.Frequency_Range,0
InternetGatewayDevice.WEB_GUI.Status.Device_Status.Device_Status.IMEI,0
InternetGatewayDevice.WEB_GUI.Status.Device_Status.Device_Status.IMSI,0
InternetGatewayDevice.WEB_GUI.Status.Device_Status.Device_Status.ICCID,0
InternetGatewayDevice.WEB_GUI.Status.Device_Status.Device_Status.,0
InternetGatewayDevice.WEB_GUI.Status.Device_Status.,0
InternetGatewayDevice.WEB_GUI.Status.System_Status.Monitor_Period_Configuration.System_Perf_Monitor_Period,1
InternetGatewayDevice.WEB_GUI.Status.System_Status.Monitor_Period_Configuration.System_Statistics_Reset,1
InternetGatewayDevice.WEB_GUI.Status.System_Status.Monitor_Period_Configuration.,0
InternetGatewayDevice.WEB_GUI.Status.System_Status.CPU_Utilization.CPU_Current_Usage,0
InternetGatewayDevice.WEB_GUI.Status.System_Status.CPU_Utilization.CPU_Max_Usage,0
InternetGatewayDevice.WEB_GUI.Status.System_Status.CPU_Utilization.CPU_Min_Usage,0
InternetGatewayDevice.WEB_GUI.Status.System_Status.CPU_Utilization.CPU_Usage_Threshold,1
InternetGatewayDevice.WEB_GUI.Status.System_Status.CPU_Utilization.,0
InternetGatewayDevice.WEB_GUI.Status.System_Status.Memory_Utilization.Memory_Current_Usage,0
InternetGatewayDevice.WEB_GUI.Status.System_Status.Memory_Utilization.Memory_Max_Usage,0
InternetGatewayDevice.WEB_GUI.Status.System_Status.Memory_Utilization.Memory_Min_Usage,0
InternetGatewayDevice.WEB_GUI.Status.System_Status.Memory_Utilization.Memory_Usage_Threshold,1
InternetGatewayDevice.WEB_GUI.Status.System_Status.Memory_Utilization.,0
InternetGatewayDevice.WEB_GUI.Status.System_Status.Uplink_Data_Rate.Current_Data_Rate,0
InternetGatewayDevice.WEB_GUI.Status.System_Status.Uplink_Data_Rate.Max_Data_Rate,0
InternetGatewayDevice.WEB_GUI.Status.System_Status.Uplink_Data_Rate.Min_Data_Rate,0
InternetGatewayDevice.WEB_GUI.Status.System_Status.Uplink_Data_Rate.,0
InternetGatewayDevice.WEB_GUI.Status.System_Status.Downlink_Data_Rate.Current_Data_Rate,0
InternetGatewayDevice.WEB_GUI.Status.System_Status.Downlink_Data_Rate.Max_Data_Rate,0
InternetGatewayDevice.WEB_GUI.Status.System_Status.Downlink_Data_Rate.Min_Data_Rate,0
InternetGatewayDevice.WEB_GUI.Status.System_Status.Downlink_Data_Rate.,0
InternetGatewayDevice.WEB_GUI.Status.System_Status.System_Information.Firewall,0
InternetGatewayDevice.WEB_GUI.Status.System_Status.System_Information.Device_Up_Time,0
InternetGatewayDevice.WEB_GUI.Status.System_Status.System_Information.Restart_Reason,0
InternetGatewayDevice.WEB_GUI.Status.System_Status.System_Information.,0
InternetGatewayDevice.WEB_GUI.Status.System_Status.,0
InternetGatewayDevice.WEB_GUI.Status.,0
InternetGatewayDevice.WEB_GUI.LTE.LTE_Cell_Selection.StartStop_LTE.Start_Stop,1
InternetGatewayDevice.WEB_GUI.LTE.LTE_Cell_Selection.StartStop_LTE.,0
InternetGatewayDevice.WEB_GUI.LTE.LTE_Cell_Selection.Cell_Selection.Mode,1
InternetGatewayDevice.WEB_GUI.LTE.LTE_Cell_Selection.Cell_Selection.Scan_Mode,1
InternetGatewayDevice.WEB_GUI.LTE.LTE_Cell_Selection.Cell_Selection.Band,1
InternetGatewayDevice.WEB_GUI.LTE.LTE_Cell_Selection.Cell_Selection.Type,1
InternetGatewayDevice.WEB_GUI.LTE.LTE_Cell_Selection.Cell_Selection.Earfcn_Frequency_Setting,1
InternetGatewayDevice.WEB_GUI.LTE.LTE_Cell_Selection.Cell_Selection.,0
InternetGatewayDevice.WEB_GUI.LTE.LTE_Cell_Selection.,0
InternetGatewayDevice.WEB_GUI.LTE.PIN.LTE_Enable_PIN.Enable_PIN,1
InternetGatewayDevice.WEB_GUI.LTE.PIN.LTE_Enable_PIN.PIN_Code,1
InternetGatewayDevice.WEB_GUI.LTE.PIN.LTE_Enable_PIN.,0
InternetGatewayDevice.WEB_GUI.LTE.PIN.LTE_Change_PIN.Old_PIN_Code,1
InternetGatewayDevice.WEB_GUI.LTE.PIN.LTE_Change_PIN.New_PIN_Code,1
InternetGatewayDevice.WEB_GUI.LTE.PIN.LTE_Change_PIN.Enable_Change_PIN_Code,1
InternetGatewayDevice.WEB_GUI.LTE.PIN.LTE_Change_PIN.Remaining_Attempts,0
InternetGatewayDevice.WEB_GUI.LTE.PIN.LTE_Change_PIN.,0
InternetGatewayDevice.WEB_GUI.LTE.PIN.,0
InternetGatewayDevice.WEB_GUI.LTE.Default_PDN.Network_Attach.Attach,1
InternetGatewayDevice.WEB_GUI.LTE.Default_PDN.Network_Attach.APN_Name,1
InternetGatewayDevice.WEB_GUI.LTE.Default_PDN.Network_Attach.,0
InternetGatewayDevice.WEB_GUI.LTE.Default_PDN.Authentication_Type.Type,1
InternetGatewayDevice.WEB_GUI.LTE.Default_PDN.Authentication_Type.Username,1
InternetGatewayDevice.WEB_GUI.LTE.Default_PDN.Authentication_Type.Password,1
InternetGatewayDevice.WEB_GUI.LTE.Default_PDN.Authentication_Type.,0
InternetGatewayDevice.WEB_GUI.LTE.Default_PDN.,0
InternetGatewayDevice.WEB_GUI.LTE.,0
InternetGatewayDevice.WEB_GUI.WiFi.Settings.Wireless_Setting.InterfaceStatus,1
InternetGatewayDevice.WEB_GUI.WiFi.Settings.Wireless_Setting.RadioChannel,1
InternetGatewayDevice.WEB_GUI.WiFi.Settings.Wireless_Setting.WorkingMode,1
InternetGatewayDevice.WEB_GUI.WiFi.Settings.Wireless_Setting.Bandwidth_11n_Only,1
InternetGatewayDevice.WEB_GUI.WiFi.Settings.Wireless_Setting.RTSThreshold,1
InternetGatewayDevice.WEB_GUI.WiFi.Settings.Wireless_Setting.CTSProtectMode,1
InternetGatewayDevice.WEB_GUI.WiFi.Settings.Wireless_Setting.PreambleLength,1
InternetGatewayDevice.WEB_GUI.WiFi.Settings.Wireless_Setting.NetworkName,1
InternetGatewayDevice.WEB_GUI.WiFi.Settings.Wireless_Setting.SSIDBrocast,1
InternetGatewayDevice.WEB_GUI.WiFi.Settings.Wireless_Setting.Current_Working_Channel,0
InternetGatewayDevice.WEB_GUI.WiFi.Settings.Wireless_Setting.Wifi_Client,0
InternetGatewayDevice.WEB_GUI.WiFi.Settings.Wireless_Setting.,0
InternetGatewayDevice.WEB_GUI.WiFi.Settings.Security_1.X_802_1x.RekeyInterval,1
InternetGatewayDevice.WEB_GUI.WiFi.Settings.Security_1.X_802_1x.RADIUSServer,1
InternetGatewayDevice.WEB_GUI.WiFi.Settings.Security_1.X_802_1x.RADIUSPort,1
InternetGatewayDevice.WEB_GUI.WiFi.Settings.Security_1.X_802_1x.RADIUSKey,1
InternetGatewayDevice.WEB_GUI.WiFi.Settings.Security_1.X_802_1x.,0
InternetGatewayDevice.WEB_GUI.WiFi.Settings.Security_1.Static_key.DefaultKey,1
InternetGatewayDevice.WEB_GUI.WiFi.Settings.Security_1.Static_key.Key,1
InternetGatewayDevice.WEB_GUI.WiFi.Settings.Security_1.Static_key.,0
InternetGatewayDevice.WEB_GUI.WiFi.Settings.Security_1.Pre_shared.RekeyInterval,1
InternetGatewayDevice.WEB_GUI.WiFi.Settings.Security_1.Pre_shared.KeyPassPhrase,1
InternetGatewayDevice.WEB_GUI.WiFi.Settings.Security_1.Pre_shared.,0
InternetGatewayDevice.WEB_GUI.WiFi.Settings.Security_1.Authentication,1
InternetGatewayDevice.WEB_GUI.WiFi.Settings.Security_1.Encryption,1
InternetGatewayDevice.WEB_GUI.WiFi.Settings.Security_1.,0
InternetGatewayDevice.WEB_GUI.WiFi.Settings.Access_Control_List_1.Default,1
InternetGatewayDevice.WEB_GUI.WiFi.Settings.Access_Control_List_1.Add_Rule_Instruction,0
InternetGatewayDevice.WEB_GUI.WiFi.Settings.Access_Control_List_1.Insert_Rule,1
InternetGatewayDevice.WEB_GUI.WiFi.Settings.Access_Control_List_1.Rule_00,0
InternetGatewayDevice.WEB_GUI.WiFi.Settings.Access_Control_List_1.Rule_01,0
InternetGatewayDevice.WEB_GUI.WiFi.Settings.Access_Control_List_1.Rule_02,0
InternetGatewayDevice.WEB_GUI.WiFi.Settings.Access_Control_List_1.Rule_03,0
InternetGatewayDevice.WEB_GUI.WiFi.Settings.Access_Control_List_1.Rule_04,0
InternetGatewayDevice.WEB_GUI.WiFi.Settings.Access_Control_List_1.Rule_05,0
InternetGatewayDevice.WEB_GUI.WiFi.Settings.Access_Control_List_1.Rule_06,0
InternetGatewayDevice.WEB_GUI.WiFi.Settings.Access_Control_List_1.Rule_07,0
InternetGatewayDevice.WEB_GUI.WiFi.Settings.Access_Control_List_1.Rule_08,0
InternetGatewayDevice.WEB_GUI.WiFi.Settings.Access_Control_List_1.Rule_09,0
InternetGatewayDevice.WEB_GUI.WiFi.Settings.Access_Control_List_1.,0
InternetGatewayDevice.WEB_GUI.WiFi.Settings.,0
InternetGatewayDevice.WEB_GUI.WiFi.,0
InternetGatewayDevice.WEB_GUI.VOIP.VoIP_Basic_Settings.Basic_Global_Setting.Enable_Voice_Fax,1
InternetGatewayDevice.WEB_GUI.VOIP.VoIP_Basic_Settings.Basic_Global_Setting.,0
InternetGatewayDevice.WEB_GUI.VOIP.VoIP_Basic_Settings.Basic_Line1_Setting.Enable_Line1,1
InternetGatewayDevice.WEB_GUI.VOIP.VoIP_Basic_Settings.Basic_Line1_Setting.Line1_User_Name,1
InternetGatewayDevice.WEB_GUI.VOIP.VoIP_Basic_Settings.Basic_Line1_Setting.Line1_User_Account,1
InternetGatewayDevice.WEB_GUI.VOIP.VoIP_Basic_Settings.Basic_Line1_Setting.Line1_Password,1
InternetGatewayDevice.WEB_GUI.VOIP.VoIP_Basic_Settings.Basic_Line1_Setting.Line1_Display_Name,1
InternetGatewayDevice.WEB_GUI.VOIP.VoIP_Basic_Settings.Basic_Line1_Setting.Line1_T38_Enable,1
InternetGatewayDevice.WEB_GUI.VOIP.VoIP_Basic_Settings.Basic_Line1_Setting.Line1_Registration_Status,0
InternetGatewayDevice.WEB_GUI.VOIP.VoIP_Basic_Settings.Basic_Line1_Setting.,0
InternetGatewayDevice.WEB_GUI.VOIP.VoIP_Basic_Settings.Basic_Line2_Setting.Enable_Line2,1
InternetGatewayDevice.WEB_GUI.VOIP.VoIP_Basic_Settings.Basic_Line2_Setting.Line2_User_Name,1
InternetGatewayDevice.WEB_GUI.VOIP.VoIP_Basic_Settings.Basic_Line2_Setting.Line2_User_Account,1
InternetGatewayDevice.WEB_GUI.VOIP.VoIP_Basic_Settings.Basic_Line2_Setting.Line2_Password,1
InternetGatewayDevice.WEB_GUI.VOIP.VoIP_Basic_Settings.Basic_Line2_Setting.Line2_Display_Name,1
InternetGatewayDevice.WEB_GUI.VOIP.VoIP_Basic_Settings.Basic_Line2_Setting.Line2_T38_Enable,1
InternetGatewayDevice.WEB_GUI.VOIP.VoIP_Basic_Settings.Basic_Line2_Setting.Line2_Registration_Status,0
InternetGatewayDevice.WEB_GUI.VOIP.VoIP_Basic_Settings.Basic_Line2_Setting.,0
InternetGatewayDevice.WEB_GUI.VOIP.VoIP_Basic_Settings.,0
InternetGatewayDevice.WEB_GUI.VOIP.VoIP_Telephone_Settings.Debug_Msg.Enable_SIP_Debug,1
InternetGatewayDevice.WEB_GUI.VOIP.VoIP_Telephone_Settings.Debug_Msg.Enable_DSP_Debug,1
InternetGatewayDevice.WEB_GUI.VOIP.VoIP_Telephone_Settings.Debug_Msg.,0
InternetGatewayDevice.WEB_GUI.VOIP.VoIP_Telephone_Settings.Global_Settings.User_Domain,1
InternetGatewayDevice.WEB_GUI.VOIP.VoIP_Telephone_Settings.Global_Settings.Network_Interface,1
InternetGatewayDevice.WEB_GUI.VOIP.VoIP_Telephone_Settings.Global_Settings.Registrar_Address,1
InternetGatewayDevice.WEB_GUI.VOIP.VoIP_Telephone_Settings.Global_Settings.Registrar_Port,1
InternetGatewayDevice.WEB_GUI.VOIP.VoIP_Telephone_Settings.Global_Settings.Outbound_Proxy_Address,1
InternetGatewayDevice.WEB_GUI.VOIP.VoIP_Telephone_Settings.Global_Settings.Outbound_Proxy_Port,1
InternetGatewayDevice.WEB_GUI.VOIP.VoIP_Telephone_Settings.Global_Settings.RTP_Port_Range_Start,1
InternetGatewayDevice.WEB_GUI.VOIP.VoIP_Telephone_Settings.Global_Settings.RTP_Port_Range_End,1
InternetGatewayDevice.WEB_GUI.VOIP.VoIP_Telephone_Settings.Global_Settings.,0
InternetGatewayDevice.WEB_GUI.VOIP.VoIP_Telephone_Settings.Line_1_Setting.Enable_Line1,1
InternetGatewayDevice.WEB_GUI.VOIP.VoIP_Telephone_Settings.Line_1_Setting.CallHold,1
InternetGatewayDevice.WEB_GUI.VOIP.VoIP_Telephone_Settings.Line_1_Setting.DTMF_Method,1
InternetGatewayDevice.WEB_GUI.VOIP.VoIP_Telephone_Settings.Line_1_Setting.callWaiting,1
InternetGatewayDevice.WEB_GUI.VOIP.VoIP_Telephone_Settings.Line_1_Setting.callForward_Unconditional,1
InternetGatewayDevice.WEB_GUI.VOIP.VoIP_Telephone_Settings.Line_1_Setting.callForward_Unconditional_Number,1
InternetGatewayDevice.WEB_GUI.VOIP.VoIP_Telephone_Settings.Line_1_Setting.callForward_Busy,1
InternetGatewayDevice.WEB_GUI.VOIP.VoIP_Telephone_Settings.Line_1_Setting.callForward_Busy_Number,1
InternetGatewayDevice.WEB_GUI.VOIP.VoIP_Telephone_Settings.Line_1_Setting.callForward_NoReply,1
InternetGatewayDevice.WEB_GUI.VOIP.VoIP_Telephone_Settings.Line_1_Setting.callForward_NoReply_Number,1
InternetGatewayDevice.WEB_GUI.VOIP.VoIP_Telephone_Settings.Line_1_Setting.CallForward_No_Reply_Timeout,1
InternetGatewayDevice.WEB_GUI.VOIP.VoIP_Telephone_Settings.Line_1_Setting.E911_Number,1
InternetGatewayDevice.WEB_GUI.VOIP.VoIP_Telephone_Settings.Line_1_Setting.DialPlan,1
InternetGatewayDevice.WEB_GUI.VOIP.VoIP_Telephone_Settings.Line_1_Setting.Display_Name,1
InternetGatewayDevice.WEB_GUI.VOIP.VoIP_Telephone_Settings.Line_1_Setting.Enable_g711u_Codec,1
InternetGatewayDevice.WEB_GUI.VOIP.VoIP_Telephone_Settings.Line_1_Setting.g711u_Priority,1
InternetGatewayDevice.WEB_GUI.VOIP.VoIP_Telephone_Settings.Line_1_Setting.g711u_Ptime,1
InternetGatewayDevice.WEB_GUI.VOIP.VoIP_Telephone_Settings.Line_1_Setting.Enable_g711a_Codec,1
InternetGatewayDevice.WEB_GUI.VOIP.VoIP_Telephone_Settings.Line_1_Setting.g711a_Priority,1
InternetGatewayDevice.WEB_GUI.VOIP.VoIP_Telephone_Settings.Line_1_Setting.g711a_Ptime,1
InternetGatewayDevice.WEB_GUI.VOIP.VoIP_Telephone_Settings.Line_1_Setting.Enable_g729_Codec,1
InternetGatewayDevice.WEB_GUI.VOIP.VoIP_Telephone_Settings.Line_1_Setting.g729_Priority,1
InternetGatewayDevice.WEB_GUI.VOIP.VoIP_Telephone_Settings.Line_1_Setting.g729_Ptime,1
InternetGatewayDevice.WEB_GUI.VOIP.VoIP_Telephone_Settings.Line_1_Setting.Enable_VAD,1
InternetGatewayDevice.WEB_GUI.VOIP.VoIP_Telephone_Settings.Line_1_Setting.Enable_RTCP,1
InternetGatewayDevice.WEB_GUI.VOIP.VoIP_Telephone_Settings.Line_1_Setting.Enable_Echo_Canceller,1
InternetGatewayDevice.WEB_GUI.VOIP.VoIP_Telephone_Settings.Line_1_Setting.JB_Delay_Max,1
InternetGatewayDevice.WEB_GUI.VOIP.VoIP_Telephone_Settings.Line_1_Setting.JB_Delay_Init,1
InternetGatewayDevice.WEB_GUI.VOIP.VoIP_Telephone_Settings.Line_1_Setting.,0
InternetGatewayDevice.WEB_GUI.VOIP.VoIP_Telephone_Settings.Line_2_Setting.Enable_Line2,1
InternetGatewayDevice.WEB_GUI.VOIP.VoIP_Telephone_Settings.Line_2_Setting.CallHold,1
InternetGatewayDevice.WEB_GUI.VOIP.VoIP_Telephone_Settings.Line_2_Setting.DTMF_Method,1
InternetGatewayDevice.WEB_GUI.VOIP.VoIP_Telephone_Settings.Line_2_Setting.callWaiting,1
InternetGatewayDevice.WEB_GUI.VOIP.VoIP_Telephone_Settings.Line_2_Setting.callForward_Unconditional,1
InternetGatewayDevice.WEB_GUI.VOIP.VoIP_Telephone_Settings.Line_2_Setting.callForward_Unconditional_Number,1
InternetGatewayDevice.WEB_GUI.VOIP.VoIP_Telephone_Settings.Line_2_Setting.callForward_Busy,1
InternetGatewayDevice.WEB_GUI.VOIP.VoIP_Telephone_Settings.Line_2_Setting.callForward_Busy_Number,1
InternetGatewayDevice.WEB_GUI.VOIP.VoIP_Telephone_Settings.Line_2_Setting.callForward_NoReply,1
InternetGatewayDevice.WEB_GUI.VOIP.VoIP_Telephone_Settings.Line_2_Setting.callForward_NoReply_Number,1
InternetGatewayDevice.WEB_GUI.VOIP.VoIP_Telephone_Settings.Line_2_Setting.callForward_No_Reply_Timeout,1
InternetGatewayDevice.WEB_GUI.VOIP.VoIP_Telephone_Settings.Line_2_Setting.E911_Number,1
InternetGatewayDevice.WEB_GUI.VOIP.VoIP_Telephone_Settings.Line_2_Setting.DialPlan,1
InternetGatewayDevice.WEB_GUI.VOIP.VoIP_Telephone_Settings.Line_2_Setting.Display_Name,1
InternetGatewayDevice.WEB_GUI.VOIP.VoIP_Telephone_Settings.Line_2_Setting.Enable_g711u_Codec,1
InternetGatewayDevice.WEB_GUI.VOIP.VoIP_Telephone_Settings.Line_2_Setting.g711u_Priority,1
InternetGatewayDevice.WEB_GUI.VOIP.VoIP_Telephone_Settings.Line_2_Setting.g711u_Ptime,1
InternetGatewayDevice.WEB_GUI.VOIP.VoIP_Telephone_Settings.Line_2_Setting.Enable_g711a_Codec,1
InternetGatewayDevice.WEB_GUI.VOIP.VoIP_Telephone_Settings.Line_2_Setting.g711a_Priority,1
InternetGatewayDevice.WEB_GUI.VOIP.VoIP_Telephone_Settings.Line_2_Setting.g711a_Ptime,1
InternetGatewayDevice.WEB_GUI.VOIP.VoIP_Telephone_Settings.Line_2_Setting.Enable_g729_Codec,1
InternetGatewayDevice.WEB_GUI.VOIP.VoIP_Telephone_Settings.Line_2_Setting.g729_Priority,1
InternetGatewayDevice.WEB_GUI.VOIP.VoIP_Telephone_Settings.Line_2_Setting.g729_Ptime,1
InternetGatewayDevice.WEB_GUI.VOIP.VoIP_Telephone_Settings.Line_2_Setting.Enable_VAD,1
InternetGatewayDevice.WEB_GUI.VOIP.VoIP_Telephone_Settings.Line_2_Setting.Enable_RTCP,1
InternetGatewayDevice.WEB_GUI.VOIP.VoIP_Telephone_Settings.Line_2_Setting.Enable_Echo_Canceller,1
InternetGatewayDevice.WEB_GUI.VOIP.VoIP_Telephone_Settings.Line_2_Setting.JB_Delay_Max,1
InternetGatewayDevice.WEB_GUI.VOIP.VoIP_Telephone_Settings.Line_2_Setting.JB_Delay_Init,1
InternetGatewayDevice.WEB_GUI.VOIP.VoIP_Telephone_Settings.Line_2_Setting.,0
InternetGatewayDevice.WEB_GUI.VOIP.VoIP_Telephone_Settings.,0
InternetGatewayDevice.WEB_GUI.VOIP.,0
InternetGatewayDevice.WEB_GUI.Network.WAN_Setting.Internet_Protocol_Settings.MGMT_Static.WAN_IP_Address,1
InternetGatewayDevice.WEB_GUI.Network.WAN_Setting.Internet_Protocol_Settings.MGMT_Static.WAN_Subnet_Mask,1
InternetGatewayDevice.WEB_GUI.Network.WAN_Setting.Internet_Protocol_Settings.MGMT_Static.WAN_Gateway_Address,1
InternetGatewayDevice.WEB_GUI.Network.WAN_Setting.Internet_Protocol_Settings.MGMT_Static.DNS1,1
InternetGatewayDevice.WEB_GUI.Network.WAN_Setting.Internet_Protocol_Settings.MGMT_Static.DNS2,1
InternetGatewayDevice.WEB_GUI.Network.WAN_Setting.Internet_Protocol_Settings.MGMT_Static.,0
InternetGatewayDevice.WEB_GUI.Network.WAN_Setting.Internet_Protocol_Settings.MGMT_DHCP.Host_Name,1
InternetGatewayDevice.WEB_GUI.Network.WAN_Setting.Internet_Protocol_Settings.MGMT_DHCP.WAN_IP_Address,0
InternetGatewayDevice.WEB_GUI.Network.WAN_Setting.Internet_Protocol_Settings.MGMT_DHCP.WAN_Subnet_Mask,0
InternetGatewayDevice.WEB_GUI.Network.WAN_Setting.Internet_Protocol_Settings.MGMT_DHCP.WAN_Gateway_Address,0
InternetGatewayDevice.WEB_GUI.Network.WAN_Setting.Internet_Protocol_Settings.MGMT_DHCP.DNS1,0
InternetGatewayDevice.WEB_GUI.Network.WAN_Setting.Internet_Protocol_Settings.MGMT_DHCP.DNS2,0
InternetGatewayDevice.WEB_GUI.Network.WAN_Setting.Internet_Protocol_Settings.MGMT_DHCP.,0
InternetGatewayDevice.WEB_GUI.Network.WAN_Setting.Internet_Protocol_Settings.Operation_Mode,1
InternetGatewayDevice.WEB_GUI.Network.WAN_Setting.Internet_Protocol_Settings.Connection_Mode,1
InternetGatewayDevice.WEB_GUI.Network.WAN_Setting.Internet_Protocol_Settings.WAN_MTU,1
InternetGatewayDevice.WEB_GUI.Network.WAN_Setting.Internet_Protocol_Settings.NTP1,1
InternetGatewayDevice.WEB_GUI.Network.WAN_Setting.Internet_Protocol_Settings.NTP2,1
InternetGatewayDevice.WEB_GUI.Network.WAN_Setting.Internet_Protocol_Settings.,0
InternetGatewayDevice.WEB_GUI.Network.WAN_Setting.,0
InternetGatewayDevice.WEB_GUI.Network.LAN_Setting.DHCP_Server_Settings.DHCP_Server_Enabled.DHCP_Starting_IP_Address,1
InternetGatewayDevice.WEB_GUI.Network.LAN_Setting.DHCP_Server_Settings.DHCP_Server_Enabled.DHCP_Ending_IP_Address,1
InternetGatewayDevice.WEB_GUI.Network.LAN_Setting.DHCP_Server_Settings.DHCP_Server_Enabled.DHCP_Lease_Time,1
InternetGatewayDevice.WEB_GUI.Network.LAN_Setting.DHCP_Server_Settings.DHCP_Server_Enabled.,0
InternetGatewayDevice.WEB_GUI.Network.LAN_Setting.DHCP_Server_Settings.DNS.PrimaryDNS,1
InternetGatewayDevice.WEB_GUI.Network.LAN_Setting.DHCP_Server_Settings.DNS.SecondaryDNS,1
InternetGatewayDevice.WEB_GUI.Network.LAN_Setting.DHCP_Server_Settings.DNS.TertiaryDNS,1
InternetGatewayDevice.WEB_GUI.Network.LAN_Setting.DHCP_Server_Settings.DNS.,0
InternetGatewayDevice.WEB_GUI.Network.LAN_Setting.DHCP_Server_Settings.Enable_DHCP_Server,1
InternetGatewayDevice.WEB_GUI.Network.LAN_Setting.DHCP_Server_Settings.FromISP,1
InternetGatewayDevice.WEB_GUI.Network.LAN_Setting.DHCP_Server_Settings.,0
InternetGatewayDevice.WEB_GUI.Network.LAN_Setting.Lease_Reservation_Table.Example_Rule,0
InternetGatewayDevice.WEB_GUI.Network.LAN_Setting.Lease_Reservation_Table.Insert_Rule,1
InternetGatewayDevice.WEB_GUI.Network.LAN_Setting.Lease_Reservation_Table.Rule_00,0
InternetGatewayDevice.WEB_GUI.Network.LAN_Setting.Lease_Reservation_Table.Rule_01,0
InternetGatewayDevice.WEB_GUI.Network.LAN_Setting.Lease_Reservation_Table.Rule_02,0
InternetGatewayDevice.WEB_GUI.Network.LAN_Setting.Lease_Reservation_Table.Rule_03,0
InternetGatewayDevice.WEB_GUI.Network.LAN_Setting.Lease_Reservation_Table.Rule_04,0
InternetGatewayDevice.WEB_GUI.Network.LAN_Setting.Lease_Reservation_Table.Rule_05,0
InternetGatewayDevice.WEB_GUI.Network.LAN_Setting.Lease_Reservation_Table.Rule_06,0
InternetGatewayDevice.WEB_GUI.Network.LAN_Setting.Lease_Reservation_Table.Rule_07,0
InternetGatewayDevice.WEB_GUI.Network.LAN_Setting.Lease_Reservation_Table.Rule_08,0
InternetGatewayDevice.WEB_GUI.Network.LAN_Setting.Lease_Reservation_Table.Rule_09,0
InternetGatewayDevice.WEB_GUI.Network.LAN_Setting.Lease_Reservation_Table.Rule_10,0
InternetGatewayDevice.WEB_GUI.Network.LAN_Setting.Lease_Reservation_Table.Rule_11,0
InternetGatewayDevice.WEB_GUI.Network.LAN_Setting.Lease_Reservation_Table.Rule_12,0
InternetGatewayDevice.WEB_GUI.Network.LAN_Setting.Lease_Reservation_Table.Rule_13,0
InternetGatewayDevice.WEB_GUI.Network.LAN_Setting.Lease_Reservation_Table.Rule_14,0
InternetGatewayDevice.WEB_GUI.Network.LAN_Setting.Lease_Reservation_Table.Rule_15,0
InternetGatewayDevice.WEB_GUI.Network.LAN_Setting.Lease_Reservation_Table.,0
InternetGatewayDevice.WEB_GUI.Network.LAN_Setting.LAN_IP_Setting.LAN_IP_Address,1
InternetGatewayDevice.WEB_GUI.Network.LAN_Setting.LAN_IP_Setting.LAN_Subnet_Mask,1
InternetGatewayDevice.WEB_GUI.Network.LAN_Setting.LAN_IP_Setting.,0
InternetGatewayDevice.WEB_GUI.Network.LAN_Setting.,0
InternetGatewayDevice.WEB_GUI.Network.Port_Forwarding.Port_Forwarding_Settings.Add_Rule_Instruction,0
InternetGatewayDevice.WEB_GUI.Network.Port_Forwarding.Port_Forwarding_Settings.Example_Rule,0
InternetGatewayDevice.WEB_GUI.Network.Port_Forwarding.Port_Forwarding_Settings.Insert_Rule,1
InternetGatewayDevice.WEB_GUI.Network.Port_Forwarding.Port_Forwarding_Settings.Rule_00,0
InternetGatewayDevice.WEB_GUI.Network.Port_Forwarding.Port_Forwarding_Settings.Rule_01,0
InternetGatewayDevice.WEB_GUI.Network.Port_Forwarding.Port_Forwarding_Settings.Rule_02,0
InternetGatewayDevice.WEB_GUI.Network.Port_Forwarding.Port_Forwarding_Settings.Rule_03,0
InternetGatewayDevice.WEB_GUI.Network.Port_Forwarding.Port_Forwarding_Settings.Rule_04,0
InternetGatewayDevice.WEB_GUI.Network.Port_Forwarding.Port_Forwarding_Settings.Rule_05,0
InternetGatewayDevice.WEB_GUI.Network.Port_Forwarding.Port_Forwarding_Settings.Rule_06,0
InternetGatewayDevice.WEB_GUI.Network.Port_Forwarding.Port_Forwarding_Settings.Rule_07,0
InternetGatewayDevice.WEB_GUI.Network.Port_Forwarding.Port_Forwarding_Settings.Rule_08,0
InternetGatewayDevice.WEB_GUI.Network.Port_Forwarding.Port_Forwarding_Settings.Rule_09,0
InternetGatewayDevice.WEB_GUI.Network.Port_Forwarding.Port_Forwarding_Settings.Rule_10,0
InternetGatewayDevice.WEB_GUI.Network.Port_Forwarding.Port_Forwarding_Settings.Rule_11,0
InternetGatewayDevice.WEB_GUI.Network.Port_Forwarding.Port_Forwarding_Settings.Rule_12,0
InternetGatewayDevice.WEB_GUI.Network.Port_Forwarding.Port_Forwarding_Settings.Rule_13,0
InternetGatewayDevice.WEB_GUI.Network.Port_Forwarding.Port_Forwarding_Settings.Rule_14,0
InternetGatewayDevice.WEB_GUI.Network.Port_Forwarding.Port_Forwarding_Settings.Rule_15,0
InternetGatewayDevice.WEB_GUI.Network.Port_Forwarding.Port_Forwarding_Settings.,0
InternetGatewayDevice.WEB_GUI.Network.Port_Forwarding.,0
InternetGatewayDevice.WEB_GUI.Network.Port_Trigger.Port_Trigger_Settings.Add_Rule_Instruction,0
InternetGatewayDevice.WEB_GUI.Network.Port_Trigger.Port_Trigger_Settings.Example_Rule,0
InternetGatewayDevice.WEB_GUI.Network.Port_Trigger.Port_Trigger_Settings.Insert_Rule,1
InternetGatewayDevice.WEB_GUI.Network.Port_Trigger.Port_Trigger_Settings.Rule_00,0
InternetGatewayDevice.WEB_GUI.Network.Port_Trigger.Port_Trigger_Settings.Rule_01,0
InternetGatewayDevice.WEB_GUI.Network.Port_Trigger.Port_Trigger_Settings.Rule_02,0
InternetGatewayDevice.WEB_GUI.Network.Port_Trigger.Port_Trigger_Settings.Rule_03,0
InternetGatewayDevice.WEB_GUI.Network.Port_Trigger.Port_Trigger_Settings.Rule_04,0
InternetGatewayDevice.WEB_GUI.Network.Port_Trigger.Port_Trigger_Settings.Rule_05,0
InternetGatewayDevice.WEB_GUI.Network.Port_Trigger.Port_Trigger_Settings.Rule_06,0
InternetGatewayDevice.WEB_GUI.Network.Port_Trigger.Port_Trigger_Settings.Rule_07,0
InternetGatewayDevice.WEB_GUI.Network.Port_Trigger.Port_Trigger_Settings.Rule_08,0
InternetGatewayDevice.WEB_GUI.Network.Port_Trigger.Port_Trigger_Settings.Rule_09,0
InternetGatewayDevice.WEB_GUI.Network.Port_Trigger.Port_Trigger_Settings.Rule_10,0
InternetGatewayDevice.WEB_GUI.Network.Port_Trigger.Port_Trigger_Settings.Rule_11,0
InternetGatewayDevice.WEB_GUI.Network.Port_Trigger.Port_Trigger_Settings.Rule_12,0
InternetGatewayDevice.WEB_GUI.Network.Port_Trigger.Port_Trigger_Settings.Rule_13,0
InternetGatewayDevice.WEB_GUI.Network.Port_Trigger.Port_Trigger_Settings.Rule_14,0
InternetGatewayDevice.WEB_GUI.Network.Port_Trigger.Port_Trigger_Settings.Rule_15,0
InternetGatewayDevice.WEB_GUI.Network.Port_Trigger.Port_Trigger_Settings.,0
InternetGatewayDevice.WEB_GUI.Network.Port_Trigger.,0
InternetGatewayDevice.WEB_GUI.Network.Dynamic_DNS.DDNS_Configurations.DDNS_Enabled.DDNS_Username,1
InternetGatewayDevice.WEB_GUI.Network.Dynamic_DNS.DDNS_Configurations.DDNS_Enabled.DDNS_Password,1
InternetGatewayDevice.WEB_GUI.Network.Dynamic_DNS.DDNS_Configurations.DDNS_Enabled.DDNS_Host_Name,1
InternetGatewayDevice.WEB_GUI.Network.Dynamic_DNS.DDNS_Configurations.DDNS_Enabled.DDNS_Server_Address,1
InternetGatewayDevice.WEB_GUI.Network.Dynamic_DNS.DDNS_Configurations.DDNS_Enabled.DDNS_Url_After_Address,1
InternetGatewayDevice.WEB_GUI.Network.Dynamic_DNS.DDNS_Configurations.DDNS_Enabled.,0
InternetGatewayDevice.WEB_GUI.Network.Dynamic_DNS.DDNS_Configurations.Enable_DDNS,1
InternetGatewayDevice.WEB_GUI.Network.Dynamic_DNS.DDNS_Configurations.DDNS_Server_Provider,1
InternetGatewayDevice.WEB_GUI.Network.Dynamic_DNS.DDNS_Configurations.,0
InternetGatewayDevice.WEB_GUI.Network.Dynamic_DNS.,0
InternetGatewayDevice.WEB_GUI.Network.MGMT_Service.MGMT_Service_Settings.HTTP_Service,1
InternetGatewayDevice.WEB_GUI.Network.MGMT_Service.MGMT_Service_Settings.HTTPs_Service,1
InternetGatewayDevice.WEB_GUI.Network.MGMT_Service.MGMT_Service_Settings.HTTPs_Port,1
InternetGatewayDevice.WEB_GUI.Network.MGMT_Service.MGMT_Service_Settings.HTTP_Port,1
InternetGatewayDevice.WEB_GUI.Network.MGMT_Service.MGMT_Service_Settings.Web_Server_Ceritficate,0
InternetGatewayDevice.WEB_GUI.Network.MGMT_Service.MGMT_Service_Settings.,0
InternetGatewayDevice.WEB_GUI.Network.MGMT_Service.Ceritficate_Upload.Config_URL,1
InternetGatewayDevice.WEB_GUI.Network.MGMT_Service.Ceritficate_Upload.URL_Username,1
InternetGatewayDevice.WEB_GUI.Network.MGMT_Service.Ceritficate_Upload.URL_Password,1
InternetGatewayDevice.WEB_GUI.Network.MGMT_Service.Ceritficate_Upload.Target_Name,1
InternetGatewayDevice.WEB_GUI.Network.MGMT_Service.Ceritficate_Upload.Config_Passphrase,1
InternetGatewayDevice.WEB_GUI.Network.MGMT_Service.Ceritficate_Upload.Upload_Enable,1
InternetGatewayDevice.WEB_GUI.Network.MGMT_Service.Ceritficate_Upload.,0
InternetGatewayDevice.WEB_GUI.Network.MGMT_Service.,0
InternetGatewayDevice.WEB_GUI.Network.,0
InternetGatewayDevice.WEB_GUI.Firewall.Basic.Firewall_Configuration.Enable_Firewall,1
InternetGatewayDevice.WEB_GUI.Firewall.Basic.Firewall_Configuration.Allow_Ping_From_WAN,1
InternetGatewayDevice.WEB_GUI.Firewall.Basic.Firewall_Configuration.Allow_HTTPs_Login_From_WAN,1
InternetGatewayDevice.WEB_GUI.Firewall.Basic.Firewall_Configuration.HTTPs_Login_Port_from_WAN,1
InternetGatewayDevice.WEB_GUI.Firewall.Basic.Firewall_Configuration.Enable_DMZ,1
InternetGatewayDevice.WEB_GUI.Firewall.Basic.Firewall_Configuration.DMZ_IP_Address,1
InternetGatewayDevice.WEB_GUI.Firewall.Basic.Firewall_Configuration.Redirect_ICMP_To_The_Host,1
InternetGatewayDevice.WEB_GUI.Firewall.Basic.Firewall_Configuration.,0
InternetGatewayDevice.WEB_GUI.Firewall.Basic.,0
InternetGatewayDevice.WEB_GUI.Firewall.L3_MGMT_Filter.MGMT_Filter_Configuration.Add_Rule_Instruction,0
InternetGatewayDevice.WEB_GUI.Firewall.L3_MGMT_Filter.MGMT_Filter_Configuration.Example_Rule,0
InternetGatewayDevice.WEB_GUI.Firewall.L3_MGMT_Filter.MGMT_Filter_Configuration.Insert_Rule,1
InternetGatewayDevice.WEB_GUI.Firewall.L3_MGMT_Filter.MGMT_Filter_Configuration.Rule_00,0
InternetGatewayDevice.WEB_GUI.Firewall.L3_MGMT_Filter.MGMT_Filter_Configuration.Rule_01,0
InternetGatewayDevice.WEB_GUI.Firewall.L3_MGMT_Filter.MGMT_Filter_Configuration.Rule_02,0
InternetGatewayDevice.WEB_GUI.Firewall.L3_MGMT_Filter.MGMT_Filter_Configuration.Rule_03,0
InternetGatewayDevice.WEB_GUI.Firewall.L3_MGMT_Filter.MGMT_Filter_Configuration.Rule_04,0
InternetGatewayDevice.WEB_GUI.Firewall.L3_MGMT_Filter.MGMT_Filter_Configuration.Rule_05,0
InternetGatewayDevice.WEB_GUI.Firewall.L3_MGMT_Filter.MGMT_Filter_Configuration.Rule_06,0
InternetGatewayDevice.WEB_GUI.Firewall.L3_MGMT_Filter.MGMT_Filter_Configuration.Rule_07,0
InternetGatewayDevice.WEB_GUI.Firewall.L3_MGMT_Filter.MGMT_Filter_Configuration.Rule_08,0
InternetGatewayDevice.WEB_GUI.Firewall.L3_MGMT_Filter.MGMT_Filter_Configuration.Rule_09,0
InternetGatewayDevice.WEB_GUI.Firewall.L3_MGMT_Filter.MGMT_Filter_Configuration.Rule_10,0
InternetGatewayDevice.WEB_GUI.Firewall.L3_MGMT_Filter.MGMT_Filter_Configuration.Rule_11,0
InternetGatewayDevice.WEB_GUI.Firewall.L3_MGMT_Filter.MGMT_Filter_Configuration.Rule_12,0
InternetGatewayDevice.WEB_GUI.Firewall.L3_MGMT_Filter.MGMT_Filter_Configuration.Rule_13,0
InternetGatewayDevice.WEB_GUI.Firewall.L3_MGMT_Filter.MGMT_Filter_Configuration.Rule_14,0
InternetGatewayDevice.WEB_GUI.Firewall.L3_MGMT_Filter.MGMT_Filter_Configuration.Rule_15,0
InternetGatewayDevice.WEB_GUI.Firewall.L3_MGMT_Filter.MGMT_Filter_Configuration.,0
InternetGatewayDevice.WEB_GUI.Firewall.L3_MGMT_Filter.,0
InternetGatewayDevice.WEB_GUI.Firewall.L3_DATA_Filter.DATA_Filter_Configuration.Add_Rule_Instruction,0
InternetGatewayDevice.WEB_GUI.Firewall.L3_DATA_Filter.DATA_Filter_Configuration.Example_Rule,0
InternetGatewayDevice.WEB_GUI.Firewall.L3_DATA_Filter.DATA_Filter_Configuration.Insert_Rule,1
InternetGatewayDevice.WEB_GUI.Firewall.L3_DATA_Filter.DATA_Filter_Configuration.Rule_00,0
InternetGatewayDevice.WEB_GUI.Firewall.L3_DATA_Filter.DATA_Filter_Configuration.Rule_01,0
InternetGatewayDevice.WEB_GUI.Firewall.L3_DATA_Filter.DATA_Filter_Configuration.Rule_02,0
InternetGatewayDevice.WEB_GUI.Firewall.L3_DATA_Filter.DATA_Filter_Configuration.Rule_03,0
InternetGatewayDevice.WEB_GUI.Firewall.L3_DATA_Filter.DATA_Filter_Configuration.Rule_04,0
InternetGatewayDevice.WEB_GUI.Firewall.L3_DATA_Filter.DATA_Filter_Configuration.Rule_05,0
InternetGatewayDevice.WEB_GUI.Firewall.L3_DATA_Filter.DATA_Filter_Configuration.Rule_06,0
InternetGatewayDevice.WEB_GUI.Firewall.L3_DATA_Filter.DATA_Filter_Configuration.Rule_07,0
InternetGatewayDevice.WEB_GUI.Firewall.L3_DATA_Filter.DATA_Filter_Configuration.Rule_08,0
InternetGatewayDevice.WEB_GUI.Firewall.L3_DATA_Filter.DATA_Filter_Configuration.Rule_09,0
InternetGatewayDevice.WEB_GUI.Firewall.L3_DATA_Filter.DATA_Filter_Configuration.Rule_10,0
InternetGatewayDevice.WEB_GUI.Firewall.L3_DATA_Filter.DATA_Filter_Configuration.Rule_11,0
InternetGatewayDevice.WEB_GUI.Firewall.L3_DATA_Filter.DATA_Filter_Configuration.Rule_12,0
InternetGatewayDevice.WEB_GUI.Firewall.L3_DATA_Filter.DATA_Filter_Configuration.Rule_13,0
InternetGatewayDevice.WEB_GUI.Firewall.L3_DATA_Filter.DATA_Filter_Configuration.Rule_14,0
InternetGatewayDevice.WEB_GUI.Firewall.L3_DATA_Filter.DATA_Filter_Configuration.Rule_15,0
InternetGatewayDevice.WEB_GUI.Firewall.L3_DATA_Filter.DATA_Filter_Configuration.,0
InternetGatewayDevice.WEB_GUI.Firewall.L3_DATA_Filter.,0
InternetGatewayDevice.WEB_GUI.Firewall.L2_Filter.L2_Filter_Configuration.Add_Rule_Instruction,0
InternetGatewayDevice.WEB_GUI.Firewall.L2_Filter.L2_Filter_Configuration.Example_Rule,0
InternetGatewayDevice.WEB_GUI.Firewall.L2_Filter.L2_Filter_Configuration.Insert_Rule,1
InternetGatewayDevice.WEB_GUI.Firewall.L2_Filter.L2_Filter_Configuration.Rule_00,0
InternetGatewayDevice.WEB_GUI.Firewall.L2_Filter.L2_Filter_Configuration.Rule_01,0
InternetGatewayDevice.WEB_GUI.Firewall.L2_Filter.L2_Filter_Configuration.Rule_02,0
InternetGatewayDevice.WEB_GUI.Firewall.L2_Filter.L2_Filter_Configuration.Rule_03,0
InternetGatewayDevice.WEB_GUI.Firewall.L2_Filter.L2_Filter_Configuration.Rule_04,0
InternetGatewayDevice.WEB_GUI.Firewall.L2_Filter.L2_Filter_Configuration.Rule_05,0
InternetGatewayDevice.WEB_GUI.Firewall.L2_Filter.L2_Filter_Configuration.Rule_06,0
InternetGatewayDevice.WEB_GUI.Firewall.L2_Filter.L2_Filter_Configuration.Rule_07,0
InternetGatewayDevice.WEB_GUI.Firewall.L2_Filter.L2_Filter_Configuration.Rule_08,0
InternetGatewayDevice.WEB_GUI.Firewall.L2_Filter.L2_Filter_Configuration.Rule_09,0
InternetGatewayDevice.WEB_GUI.Firewall.L2_Filter.L2_Filter_Configuration.Rule_10,0
InternetGatewayDevice.WEB_GUI.Firewall.L2_Filter.L2_Filter_Configuration.Rule_11,0
InternetGatewayDevice.WEB_GUI.Firewall.L2_Filter.L2_Filter_Configuration.Rule_12,0
InternetGatewayDevice.WEB_GUI.Firewall.L2_Filter.L2_Filter_Configuration.Rule_13,0
InternetGatewayDevice.WEB_GUI.Firewall.L2_Filter.L2_Filter_Configuration.Rule_14,0
InternetGatewayDevice.WEB_GUI.Firewall.L2_Filter.L2_Filter_Configuration.Rule_15,0
InternetGatewayDevice.WEB_GUI.Firewall.L2_Filter.L2_Filter_Configuration.,0
InternetGatewayDevice.WEB_GUI.Firewall.L2_Filter.,0
InternetGatewayDevice.WEB_GUI.Firewall.,0
InternetGatewayDevice.WEB_GUI.Management.Account.Account_Management.Superuser_Username,1
InternetGatewayDevice.WEB_GUI.Management.Account.Account_Management.Operator_Username,1
InternetGatewayDevice.WEB_GUI.Management.Account.Account_Management.Operator_Password,1
InternetGatewayDevice.WEB_GUI.Management.Account.Account_Management.Operator_Enable,1
InternetGatewayDevice.WEB_GUI.Management.Account.Account_Management.Enduser_Username,1
InternetGatewayDevice.WEB_GUI.Management.Account.Account_Management.Superuser_Password,1
InternetGatewayDevice.WEB_GUI.Management.Account.Account_Management.Enduser_Password,1
InternetGatewayDevice.WEB_GUI.Management.Account.Account_Management.Superuser_Enable,1
InternetGatewayDevice.WEB_GUI.Management.Account.Account_Management.Enduser_Enable,1
InternetGatewayDevice.WEB_GUI.Management.Account.Account_Management.,0
InternetGatewayDevice.WEB_GUI.Management.Account.,0
InternetGatewayDevice.WEB_GUI.Management.Language.Language_Setting.Language_Setting,1
InternetGatewayDevice.WEB_GUI.Management.Language.Language_Setting.,0
InternetGatewayDevice.WEB_GUI.Management.Language.,0
InternetGatewayDevice.WEB_GUI.Management.Device_Setting.Device_Time.Current_Local_Time,0
InternetGatewayDevice.WEB_GUI.Management.Device_Setting.Device_Time.Time_Zone,1
InternetGatewayDevice.WEB_GUI.Management.Device_Setting.Device_Time.Auto_Adjust_For_Daylight_Saving_Time,1
InternetGatewayDevice.WEB_GUI.Management.Device_Setting.Device_Time.,0
InternetGatewayDevice.WEB_GUI.Management.Device_Setting.Timeout_Refresh_Setting.Session_Timeout,1
InternetGatewayDevice.WEB_GUI.Management.Device_Setting.Timeout_Refresh_Setting.GUI_Refresh_Time,1
InternetGatewayDevice.WEB_GUI.Management.Device_Setting.Timeout_Refresh_Setting.,0
InternetGatewayDevice.WEB_GUI.Management.Device_Setting.Device_Name.Current_Device_Name,1
InternetGatewayDevice.WEB_GUI.Management.Device_Setting.Device_Name.,0
InternetGatewayDevice.WEB_GUI.Management.Device_Setting.,0
InternetGatewayDevice.WEB_GUI.Management.Restore_Default.Restore_Default_Settings.Restore,1
InternetGatewayDevice.WEB_GUI.Management.Restore_Default.Restore_Default_Settings.,0
InternetGatewayDevice.WEB_GUI.Management.Restore_Default.Last_Good_Configuration.Last_Good_Configuration,0
InternetGatewayDevice.WEB_GUI.Management.Restore_Default.Last_Good_Configuration.Save_Last_Good,1
InternetGatewayDevice.WEB_GUI.Management.Restore_Default.Last_Good_Configuration.Remove_Last_Good,1
InternetGatewayDevice.WEB_GUI.Management.Restore_Default.Last_Good_Configuration.Reset_to_Last_Good,1
InternetGatewayDevice.WEB_GUI.Management.Restore_Default.Last_Good_Configuration.,0
InternetGatewayDevice.WEB_GUI.Management.Restore_Default.Integrity_Check.Image_One_Version,0
InternetGatewayDevice.WEB_GUI.Management.Restore_Default.Integrity_Check.Image_One_Checksum,0
InternetGatewayDevice.WEB_GUI.Management.Restore_Default.Integrity_Check.Image_Two_Version,0
InternetGatewayDevice.WEB_GUI.Management.Restore_Default.Integrity_Check.Image_Two_Checksum,0
InternetGatewayDevice.WEB_GUI.Management.Restore_Default.Integrity_Check.Now_Running_Image,0
InternetGatewayDevice.WEB_GUI.Management.Restore_Default.Integrity_Check.,0
InternetGatewayDevice.WEB_GUI.Management.Restore_Default.Rollback_Settings.Rollback,1
InternetGatewayDevice.WEB_GUI.Management.Restore_Default.Rollback_Settings.,0
InternetGatewayDevice.WEB_GUI.Management.Restore_Default.,0
InternetGatewayDevice.WEB_GUI.Management.Software.Software_Upgrade.Software_URL,1
InternetGatewayDevice.WEB_GUI.Management.Software.Software_Upgrade.URL_Username,1
InternetGatewayDevice.WEB_GUI.Management.Software.Software_Upgrade.URL_Password,1
InternetGatewayDevice.WEB_GUI.Management.Software.Software_Upgrade.Target_Name,1
InternetGatewayDevice.WEB_GUI.Management.Software.Software_Upgrade.Upgrade_Enable,1
InternetGatewayDevice.WEB_GUI.Management.Software.Software_Upgrade.,0
InternetGatewayDevice.WEB_GUI.Management.Software.Configuration_Backup.Config_URL,1
InternetGatewayDevice.WEB_GUI.Management.Software.Configuration_Backup.URL_Username,1
InternetGatewayDevice.WEB_GUI.Management.Software.Configuration_Backup.URL_Password,1
InternetGatewayDevice.WEB_GUI.Management.Software.Configuration_Backup.Target_Name,1
InternetGatewayDevice.WEB_GUI.Management.Software.Configuration_Backup.Config_Passphrase,1
InternetGatewayDevice.WEB_GUI.Management.Software.Configuration_Backup.Restore_Enable,1
InternetGatewayDevice.WEB_GUI.Management.Software.Configuration_Backup.Save_Config_Enable,1
InternetGatewayDevice.WEB_GUI.Management.Software.Configuration_Backup.,0
InternetGatewayDevice.WEB_GUI.Management.Software.,0
InternetGatewayDevice.WEB_GUI.Management.RM_Settings.RM_Configuration.TR069_Configuration.ACS_URL,1
InternetGatewayDevice.WEB_GUI.Management.RM_Settings.RM_Configuration.TR069_Configuration.ACS_URL_Source,1
InternetGatewayDevice.WEB_GUI.Management.RM_Settings.RM_Configuration.TR069_Configuration.ACS_UserName,1
InternetGatewayDevice.WEB_GUI.Management.RM_Settings.RM_Configuration.TR069_Configuration.Enable_Periodic_Inform,1
InternetGatewayDevice.WEB_GUI.Management.RM_Settings.RM_Configuration.TR069_Configuration.Periodic_Inform_Interval,1
InternetGatewayDevice.WEB_GUI.Management.RM_Settings.RM_Configuration.TR069_Configuration.Connection_Request_User_Name,1
InternetGatewayDevice.WEB_GUI.Management.RM_Settings.RM_Configuration.TR069_Configuration.ACS_UserPassword,1
InternetGatewayDevice.WEB_GUI.Management.RM_Settings.RM_Configuration.TR069_Configuration.Connection_Request_Password,1
InternetGatewayDevice.WEB_GUI.Management.RM_Settings.RM_Configuration.TR069_Configuration.,0
InternetGatewayDevice.WEB_GUI.Management.RM_Settings.RM_Configuration.OMA_Configuration.Enable_Debug_Msg,1
InternetGatewayDevice.WEB_GUI.Management.RM_Settings.RM_Configuration.OMA_Configuration.Enable_Bootstrapped,1
InternetGatewayDevice.WEB_GUI.Management.RM_Settings.RM_Configuration.OMA_Configuration.Enable_Provisioned,1
InternetGatewayDevice.WEB_GUI.Management.RM_Settings.RM_Configuration.OMA_Configuration.Model_ID_Defined,1
InternetGatewayDevice.WEB_GUI.Management.RM_Settings.RM_Configuration.OMA_Configuration.Model_ID,1
InternetGatewayDevice.WEB_GUI.Management.RM_Settings.RM_Configuration.OMA_Configuration.Server_IP,1
InternetGatewayDevice.WEB_GUI.Management.RM_Settings.RM_Configuration.OMA_Configuration.Server_Port,1
InternetGatewayDevice.WEB_GUI.Management.RM_Settings.RM_Configuration.OMA_Configuration.Server_ID,1
InternetGatewayDevice.WEB_GUI.Management.RM_Settings.RM_Configuration.OMA_Configuration.Server_Password,1
InternetGatewayDevice.WEB_GUI.Management.RM_Settings.RM_Configuration.OMA_Configuration.Server_Nonce,1
InternetGatewayDevice.WEB_GUI.Management.RM_Settings.RM_Configuration.OMA_Configuration.Server_Authorized_Type,1
InternetGatewayDevice.WEB_GUI.Management.RM_Settings.RM_Configuration.OMA_Configuration.Client_ID,1
InternetGatewayDevice.WEB_GUI.Management.RM_Settings.RM_Configuration.OMA_Configuration.Client_Password,1
InternetGatewayDevice.WEB_GUI.Management.RM_Settings.RM_Configuration.OMA_Configuration.Client_Nonce,1
InternetGatewayDevice.WEB_GUI.Management.RM_Settings.RM_Configuration.OMA_Configuration.Client_Authorized_Type,1
InternetGatewayDevice.WEB_GUI.Management.RM_Settings.RM_Configuration.OMA_Configuration.Boot_Encrypted,1
InternetGatewayDevice.WEB_GUI.Management.RM_Settings.RM_Configuration.OMA_Configuration.Bootstrap_Method,1
InternetGatewayDevice.WEB_GUI.Management.RM_Settings.RM_Configuration.OMA_Configuration.WIB_Retry,1
InternetGatewayDevice.WEB_GUI.Management.RM_Settings.RM_Configuration.OMA_Configuration.WIB_Retry_Interval,1
InternetGatewayDevice.WEB_GUI.Management.RM_Settings.RM_Configuration.OMA_Configuration.Enable_Server_Polling,1
InternetGatewayDevice.WEB_GUI.Management.RM_Settings.RM_Configuration.OMA_Configuration.Enable_Client_Polling,1
InternetGatewayDevice.WEB_GUI.Management.RM_Settings.RM_Configuration.OMA_Configuration.Client_Polling_Interval,1
InternetGatewayDevice.WEB_GUI.Management.RM_Settings.RM_Configuration.OMA_Configuration.Client_Polling_Attempt,1
InternetGatewayDevice.WEB_GUI.Management.RM_Settings.RM_Configuration.OMA_Configuration.Enable_Client_Initial_Session,1
InternetGatewayDevice.WEB_GUI.Management.RM_Settings.RM_Configuration.OMA_Configuration.DRMD_Server_URL,1
InternetGatewayDevice.WEB_GUI.Management.RM_Settings.RM_Configuration.OMA_Configuration.,0
InternetGatewayDevice.WEB_GUI.Management.RM_Settings.RM_Configuration.RM_Type,1
InternetGatewayDevice.WEB_GUI.Management.RM_Settings.RM_Configuration.,0
InternetGatewayDevice.WEB_GUI.Management.RM_Settings.,0
InternetGatewayDevice.WEB_GUI.Management.,0
InternetGatewayDevice.WEB_GUI.Monitoring.Measurement_Tool.Status,1
InternetGatewayDevice.WEB_GUI.Monitoring.Measurement_Tool.Last_Measurement_Time,0
InternetGatewayDevice.WEB_GUI.Monitoring.Measurement_Tool.Server_Address,1
InternetGatewayDevice.WEB_GUI.Monitoring.Measurement_Tool.Server_Port,1
InternetGatewayDevice.WEB_GUI.Monitoring.Measurement_Tool.Management_Port,1
InternetGatewayDevice.WEB_GUI.Monitoring.Measurement_Tool.Measurement_Time,1
InternetGatewayDevice.WEB_GUI.Monitoring.Measurement_Tool.Protocol_Type,1
InternetGatewayDevice.WEB_GUI.Monitoring.Measurement_Tool.UDP_Data_Length,1
InternetGatewayDevice.WEB_GUI.Monitoring.Measurement_Tool.UDP_Bandwidth,1
InternetGatewayDevice.WEB_GUI.Monitoring.Measurement_Tool.Uplink_Latency,0
InternetGatewayDevice.WEB_GUI.Monitoring.Measurement_Tool.Downlink_Latency,0
InternetGatewayDevice.WEB_GUI.Monitoring.Measurement_Tool.Uplink_Speed,0
InternetGatewayDevice.WEB_GUI.Monitoring.Measurement_Tool.Downlink_Speed,0
InternetGatewayDevice.WEB_GUI.Monitoring.Measurement_Tool.TCP_Client_Number,1
InternetGatewayDevice.WEB_GUI.Monitoring.Measurement_Tool.Running_Status,1
InternetGatewayDevice.WEB_GUI.Monitoring.Measurement_Tool.,0
InternetGatewayDevice.WEB_GUI.Monitoring.Diagnostic_Tools.DT_Start,1
InternetGatewayDevice.WEB_GUI.Monitoring.Diagnostic_Tools.Diagnostic_Type,1
InternetGatewayDevice.WEB_GUI.Monitoring.Diagnostic_Tools.DT_IP_Address,1
InternetGatewayDevice.WEB_GUI.Monitoring.Diagnostic_Tools.DT_Ping_Count,1
InternetGatewayDevice.WEB_GUI.Monitoring.Diagnostic_Tools.DT_Packet_Size,1
InternetGatewayDevice.WEB_GUI.Monitoring.Diagnostic_Tools.DT_Ping_Timeout,1
InternetGatewayDevice.WEB_GUI.Monitoring.Diagnostic_Tools.DT_Max_Hops,0
InternetGatewayDevice.WEB_GUI.Monitoring.Diagnostic_Tools.Diagnostic_Result,0
InternetGatewayDevice.WEB_GUI.Monitoring.Diagnostic_Tools.,0
InternetGatewayDevice.WEB_GUI.Monitoring.,0
InternetGatewayDevice.WEB_GUI.IPv6_Settings.WAN_Settings.Enable,1
InternetGatewayDevice.WEB_GUI.IPv6_Settings.WAN_Settings.IPv6_Connection_Type,1
InternetGatewayDevice.WEB_GUI.IPv6_Settings.WAN_Settings.IPv6_MGMT_Global_Address,0
InternetGatewayDevice.WEB_GUI.IPv6_Settings.WAN_Settings.IPv6_DATA_Global_Address,0
InternetGatewayDevice.WEB_GUI.IPv6_Settings.WAN_Settings.IPv6_VOIP_Global_Address,0
InternetGatewayDevice.WEB_GUI.IPv6_Settings.WAN_Settings.IPv6_Unique_Local_Address,1
InternetGatewayDevice.WEB_GUI.IPv6_Settings.WAN_Settings.IPv6_Prefix,1
InternetGatewayDevice.WEB_GUI.IPv6_Settings.WAN_Settings.IPv6_Default_Gateway,1
InternetGatewayDevice.WEB_GUI.IPv6_Settings.WAN_Settings.IPv6_DHCPPD_Enable,1
InternetGatewayDevice.WEB_GUI.IPv6_Settings.WAN_Settings.IPv6_DNS_From,1
InternetGatewayDevice.WEB_GUI.IPv6_Settings.WAN_Settings.IPv6_DNS1,1
InternetGatewayDevice.WEB_GUI.IPv6_Settings.WAN_Settings.IPv6_DNS2,1
InternetGatewayDevice.WEB_GUI.IPv6_Settings.WAN_Settings.IPv6_NTP_From,1
InternetGatewayDevice.WEB_GUI.IPv6_Settings.WAN_Settings.IPv6_NTP1,1
InternetGatewayDevice.WEB_GUI.IPv6_Settings.WAN_Settings.IPv6_NTP2,1
InternetGatewayDevice.WEB_GUI.IPv6_Settings.WAN_Settings.,0
InternetGatewayDevice.WEB_GUI.IPv6_Settings.LAN_Settings.AutoConfiguration_Type,1
InternetGatewayDevice.WEB_GUI.IPv6_Settings.LAN_Settings.MaxRtrAdvInterval,1
InternetGatewayDevice.WEB_GUI.IPv6_Settings.LAN_Settings.RDNSS_Enable,1
InternetGatewayDevice.WEB_GUI.IPv6_Settings.LAN_Settings.RDNSS_From_CPE_Enable,1
InternetGatewayDevice.WEB_GUI.IPv6_Settings.LAN_Settings.RDNSS_DNS1,1
InternetGatewayDevice.WEB_GUI.IPv6_Settings.LAN_Settings.RDNSS_DNS2,1
InternetGatewayDevice.WEB_GUI.IPv6_Settings.LAN_Settings.Server_DNS_Enable,1
InternetGatewayDevice.WEB_GUI.IPv6_Settings.LAN_Settings.Server_DNS_From_CPE,1
InternetGatewayDevice.WEB_GUI.IPv6_Settings.LAN_Settings.Server_DNS1,1
InternetGatewayDevice.WEB_GUI.IPv6_Settings.LAN_Settings.Server_DNS2,1
InternetGatewayDevice.WEB_GUI.IPv6_Settings.LAN_Settings.Server_NTP_Enable,1
InternetGatewayDevice.WEB_GUI.IPv6_Settings.LAN_Settings.Server_NTP_from_CPE,1
InternetGatewayDevice.WEB_GUI.IPv6_Settings.LAN_Settings.Server_NTP1,1
InternetGatewayDevice.WEB_GUI.IPv6_Settings.LAN_Settings.Server_NTP2,1
InternetGatewayDevice.WEB_GUI.IPv6_Settings.LAN_Settings.Server_SIP_Enable,1
InternetGatewayDevice.WEB_GUI.IPv6_Settings.LAN_Settings.Server_SIP_from_PCSCF,1
InternetGatewayDevice.WEB_GUI.IPv6_Settings.LAN_Settings.Server_SIP1,1
InternetGatewayDevice.WEB_GUI.IPv6_Settings.LAN_Settings.Server_SIP2,1
InternetGatewayDevice.WEB_GUI.IPv6_Settings.LAN_Settings.Address_Lifetime,1
InternetGatewayDevice.WEB_GUI.IPv6_Settings.LAN_Settings.DHCP_Server_Starting_Address,1
InternetGatewayDevice.WEB_GUI.IPv6_Settings.LAN_Settings.DHCP_Server_Ending_Address,1
InternetGatewayDevice.WEB_GUI.IPv6_Settings.LAN_Settings.,0
InternetGatewayDevice.WEB_GUI.IPv6_Settings.,0
InternetGatewayDevice.WEB_GUI.,0
InternetGatewayDevice.Services.VoiceService.1.VoiceProfile.1.SIP.RegistrarServer,1
InternetGatewayDevice.Services.VoiceService.1.VoiceProfile.1.SIP.RegistrarServerPort,1
InternetGatewayDevice.Services.VoiceService.1.VoiceProfile.1.SIP.UserAgentDomain,1
InternetGatewayDevice.Services.VoiceService.1.VoiceProfile.1.SIP.UserAgentPort,0
InternetGatewayDevice.Services.VoiceService.1.VoiceProfile.1.SIP.OutboundProxy,1
InternetGatewayDevice.Services.VoiceService.1.VoiceProfile.1.SIP.OutboundProxyPort,1
InternetGatewayDevice.Services.VoiceService.1.VoiceProfile.1.SIP.RegisterPeriod,1
InternetGatewayDevice.Services.VoiceService.1.VoiceProfile.1.SIP.RegisterExpires,1
InternetGatewayDevice.Services.VoiceService.1.VoiceProfile.1.SIP.RegisterRetryInterval,1
InternetGatewayDevice.Services.VoiceService.1.VoiceProfile.1.SIP.X_HW_MinSE,1
InternetGatewayDevice.Services.VoiceService.1.VoiceProfile.1.SIP.,0
InternetGatewayDevice.Services.VoiceService.1.VoiceProfile.1.Line.2.SIP.AuthUserName,1
InternetGatewayDevice.Services.VoiceService.1.VoiceProfile.1.Line.2.SIP.AuthPassword,1
InternetGatewayDevice.Services.VoiceService.1.VoiceProfile.1.Line.2.SIP.DirectoryNumber,1
InternetGatewayDevice.Services.VoiceService.1.VoiceProfile.1.Line.2.SIP.,0
InternetGatewayDevice.Services.VoiceService.1.VoiceProfile.1.Line.2.Enable,1
InternetGatewayDevice.Services.VoiceService.1.VoiceProfile.1.Line.2.,0
InternetGatewayDevice.Services.VoiceService.1.VoiceProfile.1.Line.1.SIP.AuthUserName,1
InternetGatewayDevice.Services.VoiceService.1.VoiceProfile.1.Line.1.SIP.AuthPassword,1
InternetGatewayDevice.Services.VoiceService.1.VoiceProfile.1.Line.1.SIP.DirectoryNumber,1
InternetGatewayDevice.Services.VoiceService.1.VoiceProfile.1.Line.1.SIP.,0
InternetGatewayDevice.Services.VoiceService.1.VoiceProfile.1.Line.1.Enable,1
InternetGatewayDevice.Services.VoiceService.1.VoiceProfile.1.Line.1.,0
InternetGatewayDevice.Services.VoiceService.1.VoiceProfile.1.Line.,0
InternetGatewayDevice.Services.VoiceService.1.VoiceProfile.1.RTP.LocalPortMin,1
InternetGatewayDevice.Services.VoiceService.1.VoiceProfile.1.RTP.LocalPortMax,1
InternetGatewayDevice.Services.VoiceService.1.VoiceProfile.1.RTP.,0
InternetGatewayDevice.Services.VoiceService.1.VoiceProfile.1.VoiceLineNumberOfEntries,0
InternetGatewayDevice.Services.VoiceService.1.VoiceProfile.1.X_HW_Countrycode,1
InternetGatewayDevice.Services.VoiceService.1.VoiceProfile.1.,0
InternetGatewayDevice.Services.VoiceService.1.VoiceProfile.,0
InternetGatewayDevice.Services.VoiceService.1.,0
InternetGatewayDevice.Services.VoiceService.,0
InternetGatewayDevice.Services.,0
InternetGatewayDevice.LANDeviceNumberOfEntries,0
InternetGatewayDevice.WANDeviceNumberOfEntries,0
InternetGatewayDevice.DeviceSummary,0
